{"listaObservacionConcellos":[{"dataLocal":"2018-03-15T12:12:00","dataUTC":"2018-03-15T11:12:00","icoEstadoCeo":111,"icoVento":306,"idConcello":15007,"nomeConcello":"A Baña","sensacionTermica":4.4,"temperatura":6.9},{"dataLocal":"2018-03-15T12:12:00","dataUTC":"2018-03-15T11:12:00","icoEstadoCeo":111,"icoVento":307,"idConcello":32014,"nomeConcello":"A Bola","sensacionTermica":4.6,"temperatura":6.8},{"dataLocal":"2018-03-15T12:12:00","dataUTC":"2018-03-15T11:12:00","icoEstadoCeo":111,"icoVento":304,"idConcello":36009,"nomeConcello":"A Cañiza","sensacionTermica":2.7,"temperatura":5.4},{"dataLocal":"2018-03-15T12:12:00","dataUTC":"2018-03-15T11:12:00","icoEstadoCeo":105,"icoVento":306,"idConcello":15018,"nomeConcello":"A Capela","sensacionTermica":1.6,"temperatura":5.3},{"dataLocal":"2018-03-15T12:12:00","dataUTC":"2018-03-15T11:12:00","icoEstadoCeo":111,"icoVento":306,"idConcello":15030,"nomeConcello":"A Coruña","sensacionTermica":10.1,"temperatura":10.1},{"dataLocal":"2018-03-15T12:12:00","dataUTC":"2018-03-15T11:12:00","icoEstadoCeo":111,"icoVento":305,"idConcello":36017,"nomeConcello":"A Estrada","sensacionTermica":6.7,"temperatura":7.5},{"dataLocal":"2018-03-15T12:12:00","dataUTC":"2018-03-15T11:12:00","icoEstadoCeo":105,"icoVento":307,"idConcello":27018,"nomeConcello":"A Fonsagrada","sensacionTermica":-0.8,"temperatura":3.5},{"dataLocal":"2018-03-15T12:12:00","dataUTC":"2018-03-15T11:12:00","icoEstadoCeo":105,"icoVento":308,"idConcello":36023,"nomeConcello":"A Guarda","sensacionTermica":7.3,"temperatura":9.9},{"dataLocal":"2018-03-15T12:12:00","dataUTC":"2018-03-15T11:12:00","icoEstadoCeo":105,"icoVento":306,"idConcello":32034,"nomeConcello":"A Gudiña","sensacionTermica":0.5,"temperatura":3.8},{"dataLocal":"2018-03-15T12:12:00","dataUTC":"2018-03-15T11:12:00","icoEstadoCeo":105,"icoVento":305,"idConcello":36901,"nomeConcello":"A Illa de Arousa","sensacionTermica":7.9,"temperatura":9.5},{"dataLocal":"2018-03-15T12:12:00","dataUTC":"2018-03-15T11:12:00","icoEstadoCeo":111,"icoVento":306,"idConcello":36025,"nomeConcello":"A Lama","sensacionTermica":3.4,"temperatura":6.1},{"dataLocal":"2018-03-15T12:12:00","dataUTC":"2018-03-15T11:12:00","icoEstadoCeo":111,"icoVento":307,"idConcello":32047,"nomeConcello":"A Merca","sensacionTermica":5.2,"temperatura":7.0},{"dataLocal":"2018-03-15T12:12:00","dataUTC":"2018-03-15T11:12:00","icoEstadoCeo":105,"icoVento":306,"idConcello":32048,"nomeConcello":"A Mezquita","sensacionTermica":-1.0,"temperatura":3.2},{"dataLocal":"2018-03-15T12:12:00","dataUTC":"2018-03-15T11:12:00","icoEstadoCeo":111,"icoVento":314,"idConcello":27044,"nomeConcello":"A Pastoriza","sensacionTermica":2.1,"temperatura":6.2},{"dataLocal":"2018-03-15T12:12:00","dataUTC":"2018-03-15T11:12:00","icoEstadoCeo":111,"icoVento":306,"idConcello":32059,"nomeConcello":"A Peroxa","sensacionTermica":5.7,"temperatura":7.5},{"dataLocal":"2018-03-15T12:12:00","dataUTC":"2018-03-15T11:12:00","icoEstadoCeo":105,"icoVento":306,"idConcello":15067,"nomeConcello":"A Pobra do Caramiñal","sensacionTermica":7.7,"temperatura":9.7},{"dataLocal":"2018-03-15T12:12:00","dataUTC":"2018-03-15T11:12:00","icoEstadoCeo":111,"icoVento":314,"idConcello":27048,"nomeConcello":"A Pontenova","sensacionTermica":5.6,"temperatura":9.1},{"dataLocal":"2018-03-15T12:12:00","dataUTC":"2018-03-15T11:12:00","icoEstadoCeo":111,"icoVento":306,"idConcello":32062,"nomeConcello":"A Porqueira","sensacionTermica":0.8,"temperatura":4.7},{"dataLocal":"2018-03-15T12:12:00","dataUTC":"2018-03-15T11:12:00","icoEstadoCeo":111,"icoVento":316,"idConcello":32072,"nomeConcello":"A Rúa","sensacionTermica":4.5,"temperatura":8.3},{"dataLocal":"2018-03-15T12:12:00","dataUTC":"2018-03-15T11:12:00","icoEstadoCeo":111,"icoVento":314,"idConcello":32080,"nomeConcello":"A Teixeira","sensacionTermica":2.0,"temperatura":5.8},{"dataLocal":"2018-03-15T12:12:00","dataUTC":"2018-03-15T11:12:00","icoEstadoCeo":111,"icoVento":314,"idConcello":32083,"nomeConcello":"A Veiga","sensacionTermica":-1.4,"temperatura":4.0},{"dataLocal":"2018-03-15T12:12:00","dataUTC":"2018-03-15T11:12:00","icoEstadoCeo":111,"icoVento":314,"idConcello":27001,"nomeConcello":"Abadín","sensacionTermica":1.2,"temperatura":5.5},{"dataLocal":"2018-03-15T12:12:00","dataUTC":"2018-03-15T11:12:00","icoEstadoCeo":105,"icoVento":305,"idConcello":15001,"nomeConcello":"Abegondo","sensacionTermica":5.5,"temperatura":7.6},{"dataLocal":"2018-03-15T12:12:00","dataUTC":"2018-03-15T11:12:00","icoEstadoCeo":111,"icoVento":308,"idConcello":36020,"nomeConcello":"Agolada","sensacionTermica":1.9,"temperatura":5.5},{"dataLocal":"2018-03-15T12:12:00","dataUTC":"2018-03-15T11:12:00","icoEstadoCeo":105,"icoVento":314,"idConcello":27002,"nomeConcello":"Alfoz","sensacionTermica":6.2,"temperatura":9.3},{"dataLocal":"2018-03-15T12:12:00","dataUTC":"2018-03-15T11:12:00","icoEstadoCeo":111,"icoVento":307,"idConcello":32001,"nomeConcello":"Allariz","sensacionTermica":4.8,"temperatura":7.1},{"dataLocal":"2018-03-15T12:12:00","dataUTC":"2018-03-15T11:12:00","icoEstadoCeo":105,"icoVento":305,"idConcello":15002,"nomeConcello":"Ames","sensacionTermica":7.7,"temperatura":9.2},{"dataLocal":"2018-03-15T12:12:00","dataUTC":"2018-03-15T11:12:00","icoEstadoCeo":111,"icoVento":306,"idConcello":32002,"nomeConcello":"Amoeiro","sensacionTermica":6.0,"temperatura":7.7},{"dataLocal":"2018-03-15T12:12:00","dataUTC":"2018-03-15T11:12:00","icoEstadoCeo":111,"icoVento":307,"idConcello":27003,"nomeConcello":"Antas de Ulla","sensacionTermica":2.1,"temperatura":5.8},{"dataLocal":"2018-03-15T12:12:00","dataUTC":"2018-03-15T11:12:00","icoEstadoCeo":105,"icoVento":307,"idConcello":15003,"nomeConcello":"Aranga","sensacionTermica":2.1,"temperatura":5.6},{"dataLocal":"2018-03-15T12:12:00","dataUTC":"2018-03-15T11:12:00","icoEstadoCeo":111,"icoVento":304,"idConcello":36001,"nomeConcello":"Arbo","sensacionTermica":6.5,"temperatura":8.6},{"dataLocal":"2018-03-15T12:12:00","dataUTC":"2018-03-15T11:12:00","icoEstadoCeo":105,"icoVento":306,"idConcello":15004,"nomeConcello":"Ares","sensacionTermica":7.4,"temperatura":9.5},{"dataLocal":"2018-03-15T12:12:00","dataUTC":"2018-03-15T11:12:00","icoEstadoCeo":105,"icoVento":304,"idConcello":32003,"nomeConcello":"Arnoia","sensacionTermica":8.1,"temperatura":9.2},{"dataLocal":"2018-03-15T12:12:00","dataUTC":"2018-03-15T11:12:00","icoEstadoCeo":105,"icoVento":307,"idConcello":15005,"nomeConcello":"Arteixo","sensacionTermica":6.6,"temperatura":9.3},{"dataLocal":"2018-03-15T12:12:00","dataUTC":"2018-03-15T11:12:00","icoEstadoCeo":111,"icoVento":306,"idConcello":15006,"nomeConcello":"Arzúa","sensacionTermica":3.4,"temperatura":6.2},{"dataLocal":"2018-03-15T12:12:00","dataUTC":"2018-03-15T11:12:00","icoEstadoCeo":111,"icoVento":304,"idConcello":36034,"nomeConcello":"As Neves","sensacionTermica":7.0,"temperatura":8.8},{"dataLocal":"2018-03-15T12:12:00","dataUTC":"2018-03-15T11:12:00","icoEstadoCeo":105,"icoVento":301,"idConcello":27037,"nomeConcello":"As Nogais","sensacionTermica":2.8,"temperatura":6.1},{"dataLocal":"2018-03-15T12:12:00","dataUTC":"2018-03-15T11:12:00","icoEstadoCeo":111,"icoVento":314,"idConcello":15070,"nomeConcello":"As Pontes","sensacionTermica":3.0,"temperatura":6.7},{"dataLocal":"2018-03-15T12:12:00","dataUTC":"2018-03-15T11:12:00","icoEstadoCeo":111,"icoVento":315,"idConcello":15081,"nomeConcello":"As Somozas","sensacionTermica":3.4,"temperatura":7.1},{"dataLocal":"2018-03-15T12:12:00","dataUTC":"2018-03-15T11:12:00","icoEstadoCeo":105,"icoVento":306,"idConcello":32004,"nomeConcello":"Avión","sensacionTermica":6.4,"temperatura":8.1},{"dataLocal":"2018-03-15T12:12:00","dataUTC":"2018-03-15T11:12:00","icoEstadoCeo":105,"icoVento":306,"idConcello":36003,"nomeConcello":"Baiona","sensacionTermica":7.5,"temperatura":9.6},{"dataLocal":"2018-03-15T12:12:00","dataUTC":"2018-03-15T11:12:00","icoEstadoCeo":105,"icoVento":314,"idConcello":27004,"nomeConcello":"Baleira","sensacionTermica":0.6,"temperatura":4.7},{"dataLocal":"2018-03-15T12:12:00","dataUTC":"2018-03-15T11:12:00","icoEstadoCeo":104,"icoVento":306,"idConcello":32005,"nomeConcello":"Baltar","sensacionTermica":1.2,"temperatura":4.9},{"dataLocal":"2018-03-15T12:12:00","dataUTC":"2018-03-15T11:12:00","icoEstadoCeo":111,"icoVento":314,"idConcello":32006,"nomeConcello":"Bande","sensacionTermica":1.5,"temperatura":5.4},{"dataLocal":"2018-03-15T12:12:00","dataUTC":"2018-03-15T11:12:00","icoEstadoCeo":111,"icoVento":306,"idConcello":32007,"nomeConcello":"Baños de Molgas","sensacionTermica":3.9,"temperatura":6.8},{"dataLocal":"2018-03-15T12:12:00","dataUTC":"2018-03-15T11:12:00","icoEstadoCeo":105,"icoVento":306,"idConcello":27901,"nomeConcello":"Baralla","sensacionTermica":2.9,"temperatura":6.2},{"dataLocal":"2018-03-15T12:12:00","dataUTC":"2018-03-15T11:12:00","icoEstadoCeo":104,"icoVento":306,"idConcello":32008,"nomeConcello":"Barbadás","sensacionTermica":8.0,"temperatura":9.1},{"dataLocal":"2018-03-15T12:12:00","dataUTC":"2018-03-15T11:12:00","icoEstadoCeo":105,"icoVento":306,"idConcello":27005,"nomeConcello":"Barreiros","sensacionTermica":10.1,"temperatura":10.1},{"dataLocal":"2018-03-15T12:12:00","dataUTC":"2018-03-15T11:12:00","icoEstadoCeo":111,"icoVento":308,"idConcello":36002,"nomeConcello":"Barro","sensacionTermica":7.4,"temperatura":8.2},{"dataLocal":"2018-03-15T12:12:00","dataUTC":"2018-03-15T11:12:00","icoEstadoCeo":105,"icoVento":304,"idConcello":32010,"nomeConcello":"Beade","sensacionTermica":10.2,"temperatura":10.2},{"dataLocal":"2018-03-15T12:12:00","dataUTC":"2018-03-15T11:12:00","icoEstadoCeo":111,"icoVento":306,"idConcello":32011,"nomeConcello":"Beariz","sensacionTermica":4.5,"temperatura":6.2},{"dataLocal":"2018-03-15T12:12:00","dataUTC":"2018-03-15T11:12:00","icoEstadoCeo":105,"icoVento":301,"idConcello":27006,"nomeConcello":"Becerreá","sensacionTermica":2.1,"temperatura":5.6},{"dataLocal":"2018-03-15T12:12:00","dataUTC":"2018-03-15T11:12:00","icoEstadoCeo":111,"icoVento":316,"idConcello":27007,"nomeConcello":"Begonte","sensacionTermica":1.6,"temperatura":5.7},{"dataLocal":"2018-03-15T12:12:00","dataUTC":"2018-03-15T11:12:00","icoEstadoCeo":105,"icoVento":305,"idConcello":15008,"nomeConcello":"Bergondo","sensacionTermica":7.6,"temperatura":9.4},{"dataLocal":"2018-03-15T12:12:00","dataUTC":"2018-03-15T11:12:00","icoEstadoCeo":105,"icoVento":305,"idConcello":15009,"nomeConcello":"Betanzos","sensacionTermica":7.5,"temperatura":9.3},{"dataLocal":"2018-03-15T12:12:00","dataUTC":"2018-03-15T11:12:00","icoEstadoCeo":111,"icoVento":306,"idConcello":32013,"nomeConcello":"Boborás","sensacionTermica":6.2,"temperatura":7.8},{"dataLocal":"2018-03-15T12:12:00","dataUTC":"2018-03-15T11:12:00","icoEstadoCeo":111,"icoVento":306,"idConcello":15010,"nomeConcello":"Boimorto","sensacionTermica":2.4,"temperatura":5.6},{"dataLocal":"2018-03-15T12:12:00","dataUTC":"2018-03-15T11:12:00","icoEstadoCeo":105,"icoVento":305,"idConcello":15011,"nomeConcello":"Boiro","sensacionTermica":8.6,"temperatura":9.6},{"dataLocal":"2018-03-15T12:12:00","dataUTC":"2018-03-15T11:12:00","icoEstadoCeo":111,"icoVento":305,"idConcello":15012,"nomeConcello":"Boqueixón","sensacionTermica":6.8,"temperatura":8.2},{"dataLocal":"2018-03-15T12:12:00","dataUTC":"2018-03-15T11:12:00","icoEstadoCeo":105,"icoVento":305,"idConcello":27008,"nomeConcello":"Bóveda","sensacionTermica":4.8,"temperatura":7.4},{"dataLocal":"2018-03-15T12:12:00","dataUTC":"2018-03-15T11:12:00","icoEstadoCeo":111,"icoVento":305,"idConcello":15013,"nomeConcello":"Brión","sensacionTermica":7.2,"temperatura":8.9},{"dataLocal":"2018-03-15T12:12:00","dataUTC":"2018-03-15T11:12:00","icoEstadoCeo":111,"icoVento":305,"idConcello":36004,"nomeConcello":"Bueu","sensacionTermica":6.2,"temperatura":8.5},{"dataLocal":"2018-03-15T12:12:00","dataUTC":"2018-03-15T11:12:00","icoEstadoCeo":105,"icoVento":306,"idConcello":27902,"nomeConcello":"Burela","sensacionTermica":10.1,"temperatura":10.1},{"dataLocal":"2018-03-15T12:12:00","dataUTC":"2018-03-15T11:12:00","icoEstadoCeo":111,"icoVento":316,"idConcello":15014,"nomeConcello":"Cabana de Bergantiños","sensacionTermica":4.8,"temperatura":8.1},{"dataLocal":"2018-03-15T12:12:00","dataUTC":"2018-03-15T11:12:00","icoEstadoCeo":105,"icoVento":306,"idConcello":15015,"nomeConcello":"Cabanas","sensacionTermica":7.2,"temperatura":9.4},{"dataLocal":"2018-03-15T12:12:00","dataUTC":"2018-03-15T11:12:00","icoEstadoCeo":111,"icoVento":300,"idConcello":36005,"nomeConcello":"Caldas de Reis","sensacionTermica":8.6,"temperatura":8.6},{"dataLocal":"2018-03-15T12:12:00","dataUTC":"2018-03-15T11:12:00","icoEstadoCeo":105,"icoVento":314,"idConcello":32016,"nomeConcello":"Calvos de Randín","sensacionTermica":-0.3,"temperatura":4.5},{"dataLocal":"2018-03-15T12:12:00","dataUTC":"2018-03-15T11:12:00","icoEstadoCeo":105,"icoVento":307,"idConcello":15016,"nomeConcello":"Camariñas","sensacionTermica":8.0,"temperatura":9.9},{"dataLocal":"2018-03-15T12:12:00","dataUTC":"2018-03-15T11:12:00","icoEstadoCeo":111,"icoVento":307,"idConcello":36006,"nomeConcello":"Cambados","sensacionTermica":7.4,"temperatura":9.0},{"dataLocal":"2018-03-15T12:12:00","dataUTC":"2018-03-15T11:12:00","icoEstadoCeo":105,"icoVento":305,"idConcello":15017,"nomeConcello":"Cambre","sensacionTermica":7.9,"temperatura":9.6},{"dataLocal":"2018-03-15T12:12:00","dataUTC":"2018-03-15T11:12:00","icoEstadoCeo":111,"icoVento":300,"idConcello":36007,"nomeConcello":"Campo Lameiro","sensacionTermica":8.6,"temperatura":8.6},{"dataLocal":"2018-03-15T12:12:00","dataUTC":"2018-03-15T11:12:00","icoEstadoCeo":105,"icoVento":304,"idConcello":32018,"nomeConcello":"Carballeda de Avia","sensacionTermica":7.2,"temperatura":8.6},{"dataLocal":"2018-03-15T12:12:00","dataUTC":"2018-03-15T11:12:00","icoEstadoCeo":111,"icoVento":314,"idConcello":32017,"nomeConcello":"Carballeda de Valdeorras","sensacionTermica":0.9,"temperatura":6.2},{"dataLocal":"2018-03-15T12:12:00","dataUTC":"2018-03-15T11:12:00","icoEstadoCeo":111,"icoVento":307,"idConcello":27009,"nomeConcello":"Carballedo","sensacionTermica":3.3,"temperatura":6.2},{"dataLocal":"2018-03-15T12:12:00","dataUTC":"2018-03-15T11:12:00","icoEstadoCeo":105,"icoVento":314,"idConcello":15019,"nomeConcello":"Carballo","sensacionTermica":5.8,"temperatura":8.9},{"dataLocal":"2018-03-15T12:12:00","dataUTC":"2018-03-15T11:12:00","icoEstadoCeo":111,"icoVento":314,"idConcello":15901,"nomeConcello":"Cariño","sensacionTermica":2.4,"temperatura":6.7},{"dataLocal":"2018-03-15T12:12:00","dataUTC":"2018-03-15T11:12:00","icoEstadoCeo":111,"icoVento":316,"idConcello":15020,"nomeConcello":"Carnota","sensacionTermica":3.4,"temperatura":7.2},{"dataLocal":"2018-03-15T12:12:00","dataUTC":"2018-03-15T11:12:00","icoEstadoCeo":105,"icoVento":305,"idConcello":15021,"nomeConcello":"Carral","sensacionTermica":7.0,"temperatura":8.9},{"dataLocal":"2018-03-15T12:12:00","dataUTC":"2018-03-15T11:12:00","icoEstadoCeo":111,"icoVento":307,"idConcello":32020,"nomeConcello":"Cartelle","sensacionTermica":6.8,"temperatura":8.2},{"dataLocal":"2018-03-15T12:12:00","dataUTC":"2018-03-15T11:12:00","icoEstadoCeo":105,"icoVento":304,"idConcello":32022,"nomeConcello":"Castrelo de Miño","sensacionTermica":8.2,"temperatura":9.2},{"dataLocal":"2018-03-15T12:12:00","dataUTC":"2018-03-15T11:12:00","icoEstadoCeo":105,"icoVento":303,"idConcello":32021,"nomeConcello":"Castrelo do Val","sensacionTermica":6.5,"temperatura":8.2},{"dataLocal":"2018-03-15T12:12:00","dataUTC":"2018-03-15T11:12:00","icoEstadoCeo":111,"icoVento":314,"idConcello":32023,"nomeConcello":"Castro Caldelas","sensacionTermica":0.4,"temperatura":4.9},{"dataLocal":"2018-03-15T12:12:00","dataUTC":"2018-03-15T11:12:00","icoEstadoCeo":111,"icoVento":314,"idConcello":27010,"nomeConcello":"Castro de Rei","sensacionTermica":2.1,"temperatura":6.1},{"dataLocal":"2018-03-15T12:12:00","dataUTC":"2018-03-15T11:12:00","icoEstadoCeo":111,"icoVento":314,"idConcello":27011,"nomeConcello":"Castroverde","sensacionTermica":2.0,"temperatura":5.8},{"dataLocal":"2018-03-15T12:12:00","dataUTC":"2018-03-15T11:12:00","icoEstadoCeo":105,"icoVento":306,"idConcello":36010,"nomeConcello":"Catoira","sensacionTermica":8.5,"temperatura":9.3},{"dataLocal":"2018-03-15T12:12:00","dataUTC":"2018-03-15T11:12:00","icoEstadoCeo":105,"icoVento":314,"idConcello":15022,"nomeConcello":"Cedeira","sensacionTermica":5.8,"temperatura":9.6},{"dataLocal":"2018-03-15T12:12:00","dataUTC":"2018-03-15T11:12:00","icoEstadoCeo":111,"icoVento":308,"idConcello":15023,"nomeConcello":"Cee","sensacionTermica":5.8,"temperatura":8.7},{"dataLocal":"2018-03-15T12:12:00","dataUTC":"2018-03-15T11:12:00","icoEstadoCeo":111,"icoVento":307,"idConcello":32024,"nomeConcello":"Celanova","sensacionTermica":4.1,"temperatura":6.4},{"dataLocal":"2018-03-15T12:12:00","dataUTC":"2018-03-15T11:12:00","icoEstadoCeo":105,"icoVento":304,"idConcello":32025,"nomeConcello":"Cenlle","sensacionTermica":10.8,"temperatura":10.8},{"dataLocal":"2018-03-15T12:12:00","dataUTC":"2018-03-15T11:12:00","icoEstadoCeo":105,"icoVento":305,"idConcello":15024,"nomeConcello":"Cerceda","sensacionTermica":4.2,"temperatura":7.0},{"dataLocal":"2018-03-15T12:12:00","dataUTC":"2018-03-15T11:12:00","icoEstadoCeo":111,"icoVento":306,"idConcello":36011,"nomeConcello":"Cerdedo","sensacionTermica":5.5,"temperatura":6.8},{"dataLocal":"2018-03-15T12:12:00","dataUTC":"2018-03-15T11:12:00","icoEstadoCeo":111,"icoVento":314,"idConcello":15025,"nomeConcello":"Cerdido","sensacionTermica":3.8,"temperatura":7.8},{"dataLocal":"2018-03-15T12:12:00","dataUTC":"2018-03-15T11:12:00","icoEstadoCeo":105,"icoVento":313,"idConcello":27012,"nomeConcello":"Cervantes","sensacionTermica":1.7,"temperatura":6.0},{"dataLocal":"2018-03-15T12:12:00","dataUTC":"2018-03-15T11:12:00","icoEstadoCeo":105,"icoVento":314,"idConcello":27013,"nomeConcello":"Cervo","sensacionTermica":6.9,"temperatura":9.8},{"dataLocal":"2018-03-15T12:12:00","dataUTC":"2018-03-15T11:12:00","icoEstadoCeo":105,"icoVento":305,"idConcello":15026,"nomeConcello":"Cesuras","sensacionTermica":4.1,"temperatura":6.6},{"dataLocal":"2018-03-15T12:12:00","dataUTC":"2018-03-15T11:12:00","icoEstadoCeo":111,"icoVento":315,"idConcello":32029,"nomeConcello":"Chandrexa de Queixa","sensacionTermica":-2.2,"temperatura":3.6},{"dataLocal":"2018-03-15T12:12:00","dataUTC":"2018-03-15T11:12:00","icoEstadoCeo":111,"icoVento":307,"idConcello":27016,"nomeConcello":"Chantada","sensacionTermica":2.7,"temperatura":6.1},{"dataLocal":"2018-03-15T12:12:00","dataUTC":"2018-03-15T11:12:00","icoEstadoCeo":105,"icoVento":305,"idConcello":15027,"nomeConcello":"Coirós","sensacionTermica":5.4,"temperatura":7.7},{"dataLocal":"2018-03-15T12:12:00","dataUTC":"2018-03-15T11:12:00","icoEstadoCeo":105,"icoVento":306,"idConcello":32026,"nomeConcello":"Coles","sensacionTermica":6.2,"temperatura":7.8},{"dataLocal":"2018-03-15T12:12:00","dataUTC":"2018-03-15T11:12:00","icoEstadoCeo":111,"icoVento":316,"idConcello":15028,"nomeConcello":"Corcubión","sensacionTermica":5.4,"temperatura":8.5},{"dataLocal":"2018-03-15T12:12:00","dataUTC":"2018-03-15T11:12:00","icoEstadoCeo":105,"icoVento":314,"idConcello":15029,"nomeConcello":"Coristanco","sensacionTermica":5.9,"temperatura":8.9},{"dataLocal":"2018-03-15T12:12:00","dataUTC":"2018-03-15T11:12:00","icoEstadoCeo":111,"icoVento":304,"idConcello":32027,"nomeConcello":"Cortegada","sensacionTermica":5.2,"temperatura":7.1},{"dataLocal":"2018-03-15T12:12:00","dataUTC":"2018-03-15T11:12:00","icoEstadoCeo":111,"icoVento":314,"idConcello":27015,"nomeConcello":"Cospeito","sensacionTermica":1.7,"temperatura":5.8},{"dataLocal":"2018-03-15T12:12:00","dataUTC":"2018-03-15T11:12:00","icoEstadoCeo":111,"icoVento":308,"idConcello":36012,"nomeConcello":"Cotobade","sensacionTermica":5.4,"temperatura":6.8},{"dataLocal":"2018-03-15T12:12:00","dataUTC":"2018-03-15T11:12:00","icoEstadoCeo":111,"icoVento":306,"idConcello":36013,"nomeConcello":"Covelo","sensacionTermica":3.4,"temperatura":6.2},{"dataLocal":"2018-03-15T12:12:00","dataUTC":"2018-03-15T11:12:00","icoEstadoCeo":111,"icoVento":304,"idConcello":36014,"nomeConcello":"Crecente","sensacionTermica":5.2,"temperatura":7.5},{"dataLocal":"2018-03-15T12:12:00","dataUTC":"2018-03-15T11:12:00","icoEstadoCeo":105,"icoVento":305,"idConcello":32028,"nomeConcello":"Cualedro","sensacionTermica":2.2,"temperatura":4.8},{"dataLocal":"2018-03-15T12:12:00","dataUTC":"2018-03-15T11:12:00","icoEstadoCeo":105,"icoVento":306,"idConcello":15031,"nomeConcello":"Culleredo","sensacionTermica":7.2,"temperatura":9.2},{"dataLocal":"2018-03-15T12:12:00","dataUTC":"2018-03-15T11:12:00","icoEstadoCeo":111,"icoVento":300,"idConcello":36015,"nomeConcello":"Cuntis","sensacionTermica":7.8,"temperatura":7.8},{"dataLocal":"2018-03-15T12:12:00","dataUTC":"2018-03-15T11:12:00","icoEstadoCeo":105,"icoVento":308,"idConcello":15032,"nomeConcello":"Curtis","sensacionTermica":1.5,"temperatura":5.1},{"dataLocal":"2018-03-15T12:12:00","dataUTC":"2018-03-15T11:12:00","icoEstadoCeo":111,"icoVento":301,"idConcello":36008,"nomeConcello":"de Cangas","sensacionTermica":6.8,"temperatura":9.1},{"dataLocal":"2018-03-15T12:12:00","dataUTC":"2018-03-15T11:12:00","icoEstadoCeo":105,"icoVento":306,"idConcello":15033,"nomeConcello":"Dodro","sensacionTermica":8.5,"temperatura":9.6},{"dataLocal":"2018-03-15T12:12:00","dataUTC":"2018-03-15T11:12:00","icoEstadoCeo":111,"icoVento":307,"idConcello":36016,"nomeConcello":"Dozón","sensacionTermica":0.1,"temperatura":3.8},{"dataLocal":"2018-03-15T12:12:00","dataUTC":"2018-03-15T11:12:00","icoEstadoCeo":111,"icoVento":306,"idConcello":15034,"nomeConcello":"Dumbría","sensacionTermica":4.0,"temperatura":7.0},{"dataLocal":"2018-03-15T12:12:00","dataUTC":"2018-03-15T11:12:00","icoEstadoCeo":105,"icoVento":314,"idConcello":32030,"nomeConcello":"Entrimo","sensacionTermica":3.8,"temperatura":7.6},{"dataLocal":"2018-03-15T12:12:00","dataUTC":"2018-03-15T11:12:00","icoEstadoCeo":111,"icoVento":306,"idConcello":32031,"nomeConcello":"Esgos","sensacionTermica":3.1,"temperatura":5.9},{"dataLocal":"2018-03-15T12:12:00","dataUTC":"2018-03-15T11:12:00","icoEstadoCeo":105,"icoVento":306,"idConcello":15035,"nomeConcello":"Fene","sensacionTermica":5.9,"temperatura":8.6},{"dataLocal":"2018-03-15T12:12:00","dataUTC":"2018-03-15T11:12:00","icoEstadoCeo":105,"icoVento":306,"idConcello":15036,"nomeConcello":"Ferrol","sensacionTermica":7.0,"temperatura":9.3},{"dataLocal":"2018-03-15T12:12:00","dataUTC":"2018-03-15T11:12:00","icoEstadoCeo":111,"icoVento":316,"idConcello":15037,"nomeConcello":"Fisterra","sensacionTermica":5.2,"temperatura":8.5},{"dataLocal":"2018-03-15T12:12:00","dataUTC":"2018-03-15T11:12:00","icoEstadoCeo":111,"icoVento":306,"idConcello":27017,"nomeConcello":"Folgoso do Courel","sensacionTermica":-1.1,"temperatura":1.6},{"dataLocal":"2018-03-15T12:12:00","dataUTC":"2018-03-15T11:12:00","icoEstadoCeo":111,"icoVento":307,"idConcello":36018,"nomeConcello":"Forcarei","sensacionTermica":4.1,"temperatura":5.7},{"dataLocal":"2018-03-15T12:12:00","dataUTC":"2018-03-15T11:12:00","icoEstadoCeo":111,"icoVento":306,"idConcello":36019,"nomeConcello":"Fornelos de Montes","sensacionTermica":4.9,"temperatura":7.7},{"dataLocal":"2018-03-15T12:12:00","dataUTC":"2018-03-15T11:12:00","icoEstadoCeo":105,"icoVento":306,"idConcello":27019,"nomeConcello":"Foz","sensacionTermica":10.3,"temperatura":10.3},{"dataLocal":"2018-03-15T12:12:00","dataUTC":"2018-03-15T11:12:00","icoEstadoCeo":111,"icoVento":305,"idConcello":15038,"nomeConcello":"Frades","sensacionTermica":3.8,"temperatura":6.4},{"dataLocal":"2018-03-15T12:12:00","dataUTC":"2018-03-15T11:12:00","icoEstadoCeo":111,"icoVento":316,"idConcello":27020,"nomeConcello":"Friol","sensacionTermica":1.1,"temperatura":5.3},{"dataLocal":"2018-03-15T12:12:00","dataUTC":"2018-03-15T11:12:00","icoEstadoCeo":111,"icoVento":304,"idConcello":32033,"nomeConcello":"Gomesende","sensacionTermica":3.9,"temperatura":6.0},{"dataLocal":"2018-03-15T12:12:00","dataUTC":"2018-03-15T11:12:00","icoEstadoCeo":105,"icoVento":306,"idConcello":36021,"nomeConcello":"Gondomar","sensacionTermica":8.2,"temperatura":9.6},{"dataLocal":"2018-03-15T12:12:00","dataUTC":"2018-03-15T11:12:00","icoEstadoCeo":105,"icoVento":316,"idConcello":27022,"nomeConcello":"Guitiriz","sensacionTermica":1.9,"temperatura":5.7},{"dataLocal":"2018-03-15T12:12:00","dataUTC":"2018-03-15T11:12:00","icoEstadoCeo":111,"icoVento":316,"idConcello":27023,"nomeConcello":"Guntín","sensacionTermica":4.0,"temperatura":7.4},{"dataLocal":"2018-03-15T12:12:00","dataUTC":"2018-03-15T11:12:00","icoEstadoCeo":105,"icoVento":306,"idConcello":15039,"nomeConcello":"Irixoa","sensacionTermica":3.8,"temperatura":6.7},{"dataLocal":"2018-03-15T12:12:00","dataUTC":"2018-03-15T11:12:00","icoEstadoCeo":111,"icoVento":308,"idConcello":36024,"nomeConcello":"Lalín","sensacionTermica":2.1,"temperatura":5.4},{"dataLocal":"2018-03-15T12:12:00","dataUTC":"2018-03-15T11:12:00","icoEstadoCeo":111,"icoVento":305,"idConcello":27026,"nomeConcello":"Láncara","sensacionTermica":4.5,"temperatura":7.5},{"dataLocal":"2018-03-15T12:12:00","dataUTC":"2018-03-15T11:12:00","icoEstadoCeo":105,"icoVento":315,"idConcello":15041,"nomeConcello":"Laracha","sensacionTermica":5.6,"temperatura":8.6},{"dataLocal":"2018-03-15T12:12:00","dataUTC":"2018-03-15T11:12:00","icoEstadoCeo":105,"icoVento":315,"idConcello":32038,"nomeConcello":"Larouco","sensacionTermica":2.9,"temperatura":7.2},{"dataLocal":"2018-03-15T12:12:00","dataUTC":"2018-03-15T11:12:00","icoEstadoCeo":111,"icoVento":306,"idConcello":15040,"nomeConcello":"Laxe","sensacionTermica":6.0,"temperatura":8.9},{"dataLocal":"2018-03-15T12:12:00","dataUTC":"2018-03-15T11:12:00","icoEstadoCeo":105,"icoVento":300,"idConcello":32039,"nomeConcello":"Laza","sensacionTermica":7.1,"temperatura":7.1},{"dataLocal":"2018-03-15T12:12:00","dataUTC":"2018-03-15T11:12:00","icoEstadoCeo":111,"icoVento":306,"idConcello":32040,"nomeConcello":"Leiro","sensacionTermica":8.7,"temperatura":9.8},{"dataLocal":"2018-03-15T12:12:00","dataUTC":"2018-03-15T11:12:00","icoEstadoCeo":105,"icoVento":314,"idConcello":32041,"nomeConcello":"Lobeira","sensacionTermica":1.8,"temperatura":6.0},{"dataLocal":"2018-03-15T12:12:00","dataUTC":"2018-03-15T11:12:00","icoEstadoCeo":105,"icoVento":314,"idConcello":32042,"nomeConcello":"Lobios","sensacionTermica":4.1,"temperatura":8.0},{"dataLocal":"2018-03-15T12:12:00","dataUTC":"2018-03-15T11:12:00","icoEstadoCeo":105,"icoVento":314,"idConcello":27027,"nomeConcello":"Lourenzá","sensacionTermica":10.0,"temperatura":10.0},{"dataLocal":"2018-03-15T12:12:00","dataUTC":"2018-03-15T11:12:00","icoEstadoCeo":105,"icoVento":306,"idConcello":15042,"nomeConcello":"Lousame","sensacionTermica":6.7,"temperatura":8.9},{"dataLocal":"2018-03-15T12:12:00","dataUTC":"2018-03-15T11:12:00","icoEstadoCeo":111,"icoVento":316,"idConcello":27028,"nomeConcello":"Lugo","sensacionTermica":3.1,"temperatura":6.7},{"dataLocal":"2018-03-15T12:12:00","dataUTC":"2018-03-15T11:12:00","icoEstadoCeo":111,"icoVento":306,"idConcello":32043,"nomeConcello":"Maceda","sensacionTermica":3.2,"temperatura":6.5},{"dataLocal":"2018-03-15T12:12:00","dataUTC":"2018-03-15T11:12:00","icoEstadoCeo":105,"icoVento":316,"idConcello":15043,"nomeConcello":"Malpica de Bergantiños","sensacionTermica":4.9,"temperatura":8.6},{"dataLocal":"2018-03-15T12:12:00","dataUTC":"2018-03-15T11:12:00","icoEstadoCeo":105,"icoVento":315,"idConcello":32044,"nomeConcello":"Manzaneda","sensacionTermica":0.8,"temperatura":6.0},{"dataLocal":"2018-03-15T12:12:00","dataUTC":"2018-03-15T11:12:00","icoEstadoCeo":111,"icoVento":315,"idConcello":15044,"nomeConcello":"Mañón","sensacionTermica":2.4,"temperatura":6.8},{"dataLocal":"2018-03-15T12:12:00","dataUTC":"2018-03-15T11:12:00","icoEstadoCeo":111,"icoVento":308,"idConcello":36026,"nomeConcello":"Marín","sensacionTermica":5.4,"temperatura":8.0},{"dataLocal":"2018-03-15T12:12:00","dataUTC":"2018-03-15T11:12:00","icoEstadoCeo":111,"icoVento":306,"idConcello":32045,"nomeConcello":"Maside","sensacionTermica":6.2,"temperatura":7.9},{"dataLocal":"2018-03-15T12:12:00","dataUTC":"2018-03-15T11:12:00","icoEstadoCeo":111,"icoVento":306,"idConcello":15045,"nomeConcello":"Mazaricos","sensacionTermica":3.0,"temperatura":6.2},{"dataLocal":"2018-03-15T12:12:00","dataUTC":"2018-03-15T11:12:00","icoEstadoCeo":111,"icoVento":308,"idConcello":36027,"nomeConcello":"Meaño","sensacionTermica":6.5,"temperatura":8.8},{"dataLocal":"2018-03-15T12:12:00","dataUTC":"2018-03-15T11:12:00","icoEstadoCeo":111,"icoVento":314,"idConcello":27029,"nomeConcello":"Meira","sensacionTermica":2.1,"temperatura":6.1},{"dataLocal":"2018-03-15T12:12:00","dataUTC":"2018-03-15T11:12:00","icoEstadoCeo":105,"icoVento":308,"idConcello":36028,"nomeConcello":"Meis","sensacionTermica":7.7,"temperatura":9.1},{"dataLocal":"2018-03-15T12:12:00","dataUTC":"2018-03-15T11:12:00","icoEstadoCeo":111,"icoVento":307,"idConcello":15046,"nomeConcello":"Melide","sensacionTermica":2.8,"temperatura":6.1},{"dataLocal":"2018-03-15T12:12:00","dataUTC":"2018-03-15T11:12:00","icoEstadoCeo":105,"icoVento":304,"idConcello":32046,"nomeConcello":"Melón","sensacionTermica":3.2,"temperatura":5.5},{"dataLocal":"2018-03-15T12:12:00","dataUTC":"2018-03-15T11:12:00","icoEstadoCeo":105,"icoVento":305,"idConcello":15047,"nomeConcello":"Mesía","sensacionTermica":3.1,"temperatura":5.8},{"dataLocal":"2018-03-15T12:12:00","dataUTC":"2018-03-15T11:12:00","icoEstadoCeo":105,"icoVento":305,"idConcello":15048,"nomeConcello":"Miño","sensacionTermica":7.3,"temperatura":9.3},{"dataLocal":"2018-03-15T12:12:00","dataUTC":"2018-03-15T11:12:00","icoEstadoCeo":111,"icoVento":301,"idConcello":36029,"nomeConcello":"Moaña","sensacionTermica":7.0,"temperatura":9.2},{"dataLocal":"2018-03-15T12:12:00","dataUTC":"2018-03-15T11:12:00","icoEstadoCeo":111,"icoVento":315,"idConcello":15049,"nomeConcello":"Moeche","sensacionTermica":5.6,"temperatura":8.9},{"dataLocal":"2018-03-15T12:12:00","dataUTC":"2018-03-15T11:12:00","icoEstadoCeo":105,"icoVento":304,"idConcello":36030,"nomeConcello":"Mondariz","sensacionTermica":6.7,"temperatura":8.7},{"dataLocal":"2018-03-15T12:12:00","dataUTC":"2018-03-15T11:12:00","icoEstadoCeo":105,"icoVento":304,"idConcello":36031,"nomeConcello":"Mondariz Balneario","sensacionTermica":6.8,"temperatura":8.7},{"dataLocal":"2018-03-15T12:12:00","dataUTC":"2018-03-15T11:12:00","icoEstadoCeo":111,"icoVento":314,"idConcello":27030,"nomeConcello":"Mondoñedo","sensacionTermica":4.9,"temperatura":8.3},{"dataLocal":"2018-03-15T12:12:00","dataUTC":"2018-03-15T11:12:00","icoEstadoCeo":105,"icoVento":306,"idConcello":15050,"nomeConcello":"Monfero","sensacionTermica":4.1,"temperatura":7.0},{"dataLocal":"2018-03-15T12:12:00","dataUTC":"2018-03-15T11:12:00","icoEstadoCeo":111,"icoVento":306,"idConcello":27031,"nomeConcello":"Monforte de Lemos","sensacionTermica":5.5,"temperatura":7.8},{"dataLocal":"2018-03-15T12:12:00","dataUTC":"2018-03-15T11:12:00","icoEstadoCeo":111,"icoVento":314,"idConcello":32049,"nomeConcello":"Montederramo","sensacionTermica":-1.2,"temperatura":3.7},{"dataLocal":"2018-03-15T12:12:00","dataUTC":"2018-03-15T11:12:00","icoEstadoCeo":105,"icoVento":305,"idConcello":32050,"nomeConcello":"Monterrei","sensacionTermica":7.1,"temperatura":8.8},{"dataLocal":"2018-03-15T12:12:00","dataUTC":"2018-03-15T11:12:00","icoEstadoCeo":111,"icoVento":307,"idConcello":27032,"nomeConcello":"Monterroso","sensacionTermica":3.0,"temperatura":6.5},{"dataLocal":"2018-03-15T12:12:00","dataUTC":"2018-03-15T11:12:00","icoEstadoCeo":111,"icoVento":300,"idConcello":36032,"nomeConcello":"Moraña","sensacionTermica":7.8,"temperatura":7.8},{"dataLocal":"2018-03-15T12:12:00","dataUTC":"2018-03-15T11:12:00","icoEstadoCeo":111,"icoVento":307,"idConcello":36033,"nomeConcello":"Mos","sensacionTermica":8.5,"temperatura":9.6},{"dataLocal":"2018-03-15T12:12:00","dataUTC":"2018-03-15T11:12:00","icoEstadoCeo":105,"icoVento":306,"idConcello":15051,"nomeConcello":"Mugardos","sensacionTermica":6.9,"temperatura":9.1},{"dataLocal":"2018-03-15T12:12:00","dataUTC":"2018-03-15T11:12:00","icoEstadoCeo":105,"icoVento":314,"idConcello":32051,"nomeConcello":"Muíños","sensacionTermica":1.3,"temperatura":5.8},{"dataLocal":"2018-03-15T12:12:00","dataUTC":"2018-03-15T11:12:00","icoEstadoCeo":111,"icoVento":315,"idConcello":27033,"nomeConcello":"Muras","sensacionTermica":1.6,"temperatura":5.8},{"dataLocal":"2018-03-15T12:12:00","dataUTC":"2018-03-15T11:12:00","icoEstadoCeo":111,"icoVento":316,"idConcello":15053,"nomeConcello":"Muros","sensacionTermica":5.0,"temperatura":8.3},{"dataLocal":"2018-03-15T12:12:00","dataUTC":"2018-03-15T11:12:00","icoEstadoCeo":105,"icoVento":307,"idConcello":15052,"nomeConcello":"Muxía","sensacionTermica":7.7,"temperatura":9.8},{"dataLocal":"2018-03-15T12:12:00","dataUTC":"2018-03-15T11:12:00","icoEstadoCeo":111,"icoVento":306,"idConcello":15054,"nomeConcello":"Narón","sensacionTermica":6.7,"temperatura":9.4},{"dataLocal":"2018-03-15T12:12:00","dataUTC":"2018-03-15T11:12:00","icoEstadoCeo":105,"icoVento":314,"idConcello":27034,"nomeConcello":"Navia de Suarna","sensacionTermica":3.0,"temperatura":7.0},{"dataLocal":"2018-03-15T12:12:00","dataUTC":"2018-03-15T11:12:00","icoEstadoCeo":105,"icoVento":306,"idConcello":15055,"nomeConcello":"Neda","sensacionTermica":5.9,"temperatura":8.7},{"dataLocal":"2018-03-15T12:12:00","dataUTC":"2018-03-15T11:12:00","icoEstadoCeo":111,"icoVento":306,"idConcello":15056,"nomeConcello":"Negreira","sensacionTermica":5.7,"temperatura":7.9},{"dataLocal":"2018-03-15T12:12:00","dataUTC":"2018-03-15T11:12:00","icoEstadoCeo":105,"icoVento":315,"idConcello":27035,"nomeConcello":"Negueira de Muñiz","sensacionTermica":4.2,"temperatura":7.7},{"dataLocal":"2018-03-15T12:12:00","dataUTC":"2018-03-15T11:12:00","icoEstadoCeo":111,"icoVento":307,"idConcello":36035,"nomeConcello":"Nigrán","sensacionTermica":8.0,"temperatura":9.7},{"dataLocal":"2018-03-15T12:12:00","dataUTC":"2018-03-15T11:12:00","icoEstadoCeo":111,"icoVento":306,"idConcello":32052,"nomeConcello":"Nogueira de Ramuín","sensacionTermica":3.5,"temperatura":5.5},{"dataLocal":"2018-03-15T12:12:00","dataUTC":"2018-03-15T11:12:00","icoEstadoCeo":111,"icoVento":306,"idConcello":15057,"nomeConcello":"Noia","sensacionTermica":6.9,"temperatura":9.1},{"dataLocal":"2018-03-15T12:12:00","dataUTC":"2018-03-15T11:12:00","icoEstadoCeo":105,"icoVento":316,"idConcello":32009,"nomeConcello":"O Barco de Valdeorras","sensacionTermica":3.9,"temperatura":8.0},{"dataLocal":"2018-03-15T12:12:00","dataUTC":"2018-03-15T11:12:00","icoEstadoCeo":111,"icoVento":316,"idConcello":32015,"nomeConcello":"O Bolo","sensacionTermica":0.4,"temperatura":5.3},{"dataLocal":"2018-03-15T12:12:00","dataUTC":"2018-03-15T11:12:00","icoEstadoCeo":111,"icoVento":306,"idConcello":32019,"nomeConcello":"O Carballiño","sensacionTermica":5.7,"temperatura":7.5},{"dataLocal":"2018-03-15T12:12:00","dataUTC":"2018-03-15T11:12:00","icoEstadoCeo":111,"icoVento":306,"idConcello":27014,"nomeConcello":"O Corgo","sensacionTermica":4.0,"temperatura":7.2},{"dataLocal":"2018-03-15T12:12:00","dataUTC":"2018-03-15T11:12:00","icoEstadoCeo":111,"icoVento":307,"idConcello":36022,"nomeConcello":"O Grove","sensacionTermica":7.8,"temperatura":9.4},{"dataLocal":"2018-03-15T12:12:00","dataUTC":"2018-03-15T11:12:00","icoEstadoCeo":111,"icoVento":305,"idConcello":27024,"nomeConcello":"O Incio","sensacionTermica":2.5,"temperatura":5.1},{"dataLocal":"2018-03-15T12:12:00","dataUTC":"2018-03-15T11:12:00","icoEstadoCeo":111,"icoVento":307,"idConcello":32035,"nomeConcello":"O Irixo","sensacionTermica":2.8,"temperatura":5.5},{"dataLocal":"2018-03-15T12:12:00","dataUTC":"2018-03-15T11:12:00","icoEstadoCeo":111,"icoVento":305,"idConcello":27043,"nomeConcello":"O Páramo","sensacionTermica":3.8,"temperatura":6.9},{"dataLocal":"2018-03-15T12:12:00","dataUTC":"2018-03-15T11:12:00","icoEstadoCeo":111,"icoVento":305,"idConcello":15066,"nomeConcello":"O Pino","sensacionTermica":5.3,"temperatura":7.3},{"dataLocal":"2018-03-15T12:12:00","dataUTC":"2018-03-15T11:12:00","icoEstadoCeo":105,"icoVento":307,"idConcello":36039,"nomeConcello":"O Porriño","sensacionTermica":8.9,"temperatura":9.8},{"dataLocal":"2018-03-15T12:12:00","dataUTC":"2018-03-15T11:12:00","icoEstadoCeo":105,"icoVento":308,"idConcello":36048,"nomeConcello":"O Rosal","sensacionTermica":10.0,"temperatura":10.0},{"dataLocal":"2018-03-15T12:12:00","dataUTC":"2018-03-15T11:12:00","icoEstadoCeo":105,"icoVento":305,"idConcello":27058,"nomeConcello":"O Saviñao","sensacionTermica":3.2,"temperatura":6.1},{"dataLocal":"2018-03-15T12:12:00","dataUTC":"2018-03-15T11:12:00","icoEstadoCeo":111,"icoVento":314,"idConcello":27063,"nomeConcello":"O Valadouro","sensacionTermica":6.4,"temperatura":9.5},{"dataLocal":"2018-03-15T12:12:00","dataUTC":"2018-03-15T11:12:00","icoEstadoCeo":111,"icoVento":314,"idConcello":27064,"nomeConcello":"O Vicedo","sensacionTermica":5.8,"temperatura":9.7},{"dataLocal":"2018-03-15T12:12:00","dataUTC":"2018-03-15T11:12:00","icoEstadoCeo":105,"icoVento":308,"idConcello":36036,"nomeConcello":"Oia","sensacionTermica":6.9,"temperatura":9.5},{"dataLocal":"2018-03-15T12:12:00","dataUTC":"2018-03-15T11:12:00","icoEstadoCeo":105,"icoVento":305,"idConcello":32053,"nomeConcello":"Oímbra","sensacionTermica":6.8,"temperatura":8.9},{"dataLocal":"2018-03-15T12:12:00","dataUTC":"2018-03-15T11:12:00","icoEstadoCeo":105,"icoVento":306,"idConcello":15058,"nomeConcello":"Oleiros","sensacionTermica":7.3,"temperatura":9.1},{"dataLocal":"2018-03-15T12:12:00","dataUTC":"2018-03-15T11:12:00","icoEstadoCeo":105,"icoVento":305,"idConcello":15059,"nomeConcello":"Ordes","sensacionTermica":4.7,"temperatura":7.1},{"dataLocal":"2018-03-15T12:12:00","dataUTC":"2018-03-15T11:12:00","icoEstadoCeo":111,"icoVento":305,"idConcello":15060,"nomeConcello":"Oroso","sensacionTermica":4.9,"temperatura":7.1},{"dataLocal":"2018-03-15T12:12:00","dataUTC":"2018-03-15T11:12:00","icoEstadoCeo":111,"icoVento":314,"idConcello":15061,"nomeConcello":"Ortigueira","sensacionTermica":10.0,"temperatura":10.0},{"dataLocal":"2018-03-15T12:12:00","dataUTC":"2018-03-15T11:12:00","icoEstadoCeo":105,"icoVento":306,"idConcello":32012,"nomeConcello":"Os Blancos","sensacionTermica":1.8,"temperatura":5.3},{"dataLocal":"2018-03-15T12:12:00","dataUTC":"2018-03-15T11:12:00","icoEstadoCeo":104,"icoVento":306,"idConcello":32054,"nomeConcello":"Ourense","sensacionTermica":9.0,"temperatura":9.9},{"dataLocal":"2018-03-15T12:12:00","dataUTC":"2018-03-15T11:12:00","icoEstadoCeo":111,"icoVento":315,"idConcello":27038,"nomeConcello":"Ourol","sensacionTermica":3.7,"temperatura":7.8},{"dataLocal":"2018-03-15T12:12:00","dataUTC":"2018-03-15T11:12:00","icoEstadoCeo":111,"icoVento":316,"idConcello":27039,"nomeConcello":"Outeiro de Rei","sensacionTermica":2.3,"temperatura":6.2},{"dataLocal":"2018-03-15T12:12:00","dataUTC":"2018-03-15T11:12:00","icoEstadoCeo":111,"icoVento":306,"idConcello":15062,"nomeConcello":"Outes","sensacionTermica":6.3,"temperatura":8.8},{"dataLocal":"2018-03-15T12:12:00","dataUTC":"2018-03-15T11:12:00","icoEstadoCeo":105,"icoVento":305,"idConcello":15063,"nomeConcello":"Oza dos Ríos","sensacionTermica":5.6,"temperatura":7.8},{"dataLocal":"2018-03-15T12:12:00","dataUTC":"2018-03-15T11:12:00","icoEstadoCeo":105,"icoVento":305,"idConcello":15064,"nomeConcello":"Paderne","sensacionTermica":7.3,"temperatura":9.2},{"dataLocal":"2018-03-15T12:12:00","dataUTC":"2018-03-15T11:12:00","icoEstadoCeo":111,"icoVento":306,"idConcello":32055,"nomeConcello":"Paderne de Allariz","sensacionTermica":5.0,"temperatura":7.3},{"dataLocal":"2018-03-15T12:12:00","dataUTC":"2018-03-15T11:12:00","icoEstadoCeo":111,"icoVento":304,"idConcello":32056,"nomeConcello":"Padrenda","sensacionTermica":5.3,"temperatura":7.6},{"dataLocal":"2018-03-15T12:12:00","dataUTC":"2018-03-15T11:12:00","icoEstadoCeo":105,"icoVento":306,"idConcello":15065,"nomeConcello":"Padrón","sensacionTermica":8.5,"temperatura":9.6},{"dataLocal":"2018-03-15T12:12:00","dataUTC":"2018-03-15T11:12:00","icoEstadoCeo":111,"icoVento":315,"idConcello":27040,"nomeConcello":"Palas de Rei","sensacionTermica":1.8,"temperatura":5.6},{"dataLocal":"2018-03-15T12:12:00","dataUTC":"2018-03-15T11:12:00","icoEstadoCeo":105,"icoVento":306,"idConcello":27041,"nomeConcello":"Pantón","sensacionTermica":5.4,"temperatura":7.5},{"dataLocal":"2018-03-15T12:12:00","dataUTC":"2018-03-15T11:12:00","icoEstadoCeo":111,"icoVento":306,"idConcello":32057,"nomeConcello":"Parada de Sil","sensacionTermica":2.3,"temperatura":5.4},{"dataLocal":"2018-03-15T12:12:00","dataUTC":"2018-03-15T11:12:00","icoEstadoCeo":111,"icoVento":305,"idConcello":27042,"nomeConcello":"Paradela","sensacionTermica":3.0,"temperatura":6.3},{"dataLocal":"2018-03-15T12:12:00","dataUTC":"2018-03-15T11:12:00","icoEstadoCeo":111,"icoVento":307,"idConcello":36037,"nomeConcello":"Pazos de Borbén","sensacionTermica":7.9,"temperatura":9.8},{"dataLocal":"2018-03-15T12:12:00","dataUTC":"2018-03-15T11:12:00","icoEstadoCeo":111,"icoVento":301,"idConcello":27045,"nomeConcello":"Pedrafita do Cebreiro","sensacionTermica":-1.4,"temperatura":1.5},{"dataLocal":"2018-03-15T12:12:00","dataUTC":"2018-03-15T11:12:00","icoEstadoCeo":111,"icoVento":306,"idConcello":32058,"nomeConcello":"Pereiro de Aguiar","sensacionTermica":3.3,"temperatura":5.7},{"dataLocal":"2018-03-15T12:12:00","dataUTC":"2018-03-15T11:12:00","icoEstadoCeo":111,"icoVento":316,"idConcello":32060,"nomeConcello":"Petín","sensacionTermica":4.7,"temperatura":8.4},{"dataLocal":"2018-03-15T12:12:00","dataUTC":"2018-03-15T11:12:00","icoEstadoCeo":111,"icoVento":307,"idConcello":32061,"nomeConcello":"Piñor","sensacionTermica":3.7,"temperatura":6.5},{"dataLocal":"2018-03-15T12:12:00","dataUTC":"2018-03-15T11:12:00","icoEstadoCeo":111,"icoVento":305,"idConcello":27047,"nomeConcello":"Pobra de Brollón","sensacionTermica":3.5,"temperatura":6.2},{"dataLocal":"2018-03-15T12:12:00","dataUTC":"2018-03-15T11:12:00","icoEstadoCeo":105,"icoVento":314,"idConcello":32063,"nomeConcello":"Pobra de Trives","sensacionTermica":1.0,"temperatura":6.0},{"dataLocal":"2018-03-15T12:12:00","dataUTC":"2018-03-15T11:12:00","icoEstadoCeo":111,"icoVento":308,"idConcello":36041,"nomeConcello":"Poio","sensacionTermica":7.8,"temperatura":9.6},{"dataLocal":"2018-03-15T12:12:00","dataUTC":"2018-03-15T11:12:00","icoEstadoCeo":111,"icoVento":314,"idConcello":27046,"nomeConcello":"Pol","sensacionTermica":1.6,"temperatura":5.6},{"dataLocal":"2018-03-15T12:12:00","dataUTC":"2018-03-15T11:12:00","icoEstadoCeo":111,"icoVento":304,"idConcello":36043,"nomeConcello":"Ponte Caldelas","sensacionTermica":6.3,"temperatura":8.2},{"dataLocal":"2018-03-15T12:12:00","dataUTC":"2018-03-15T11:12:00","icoEstadoCeo":105,"icoVento":304,"idConcello":36042,"nomeConcello":"Ponteareas","sensacionTermica":8.1,"temperatura":9.2},{"dataLocal":"2018-03-15T12:12:00","dataUTC":"2018-03-15T11:12:00","icoEstadoCeo":111,"icoVento":316,"idConcello":15068,"nomeConcello":"Ponteceso","sensacionTermica":6.1,"temperatura":9.2},{"dataLocal":"2018-03-15T12:12:00","dataUTC":"2018-03-15T11:12:00","icoEstadoCeo":105,"icoVento":306,"idConcello":36044,"nomeConcello":"Pontecesures","sensacionTermica":8.5,"temperatura":9.5},{"dataLocal":"2018-03-15T12:12:00","dataUTC":"2018-03-15T11:12:00","icoEstadoCeo":105,"icoVento":306,"idConcello":15069,"nomeConcello":"Pontedeume","sensacionTermica":6.3,"temperatura":8.6},{"dataLocal":"2018-03-15T12:12:00","dataUTC":"2018-03-15T11:12:00","icoEstadoCeo":111,"icoVento":304,"idConcello":32064,"nomeConcello":"Pontedeva","sensacionTermica":6.6,"temperatura":8.5},{"dataLocal":"2018-03-15T12:12:00","dataUTC":"2018-03-15T11:12:00","icoEstadoCeo":111,"icoVento":300,"idConcello":36038,"nomeConcello":"Pontevedra","sensacionTermica":10.8,"temperatura":10.8},{"dataLocal":"2018-03-15T12:12:00","dataUTC":"2018-03-15T11:12:00","icoEstadoCeo":111,"icoVento":300,"idConcello":36040,"nomeConcello":"Portas","sensacionTermica":8.7,"temperatura":8.7},{"dataLocal":"2018-03-15T12:12:00","dataUTC":"2018-03-15T11:12:00","icoEstadoCeo":111,"icoVento":300,"idConcello":15071,"nomeConcello":"Porto do Son","sensacionTermica":4.7,"temperatura":7.7},{"dataLocal":"2018-03-15T12:12:00","dataUTC":"2018-03-15T11:12:00","icoEstadoCeo":111,"icoVento":305,"idConcello":27049,"nomeConcello":"Portomarín","sensacionTermica":5.8,"temperatura":8.6},{"dataLocal":"2018-03-15T12:12:00","dataUTC":"2018-03-15T11:12:00","icoEstadoCeo":111,"icoVento":306,"idConcello":32065,"nomeConcello":"Punxín","sensacionTermica":8.6,"temperatura":9.6},{"dataLocal":"2018-03-15T12:12:00","dataUTC":"2018-03-15T11:12:00","icoEstadoCeo":111,"icoVento":307,"idConcello":32066,"nomeConcello":"Quintela de Leirado","sensacionTermica":4.0,"temperatura":6.5},{"dataLocal":"2018-03-15T12:12:00","dataUTC":"2018-03-15T11:12:00","icoEstadoCeo":111,"icoVento":306,"idConcello":27050,"nomeConcello":"Quiroga","sensacionTermica":5.0,"temperatura":7.9},{"dataLocal":"2018-03-15T12:12:00","dataUTC":"2018-03-15T11:12:00","icoEstadoCeo":111,"icoVento":316,"idConcello":27056,"nomeConcello":"Rábade","sensacionTermica":2.3,"temperatura":6.2},{"dataLocal":"2018-03-15T12:12:00","dataUTC":"2018-03-15T11:12:00","icoEstadoCeo":111,"icoVento":307,"idConcello":32067,"nomeConcello":"Rairiz de Veiga","sensacionTermica":3.2,"temperatura":6.2},{"dataLocal":"2018-03-15T12:12:00","dataUTC":"2018-03-15T11:12:00","icoEstadoCeo":111,"icoVento":307,"idConcello":32068,"nomeConcello":"Ramirás","sensacionTermica":6.2,"temperatura":7.9},{"dataLocal":"2018-03-15T12:12:00","dataUTC":"2018-03-15T11:12:00","icoEstadoCeo":111,"icoVento":307,"idConcello":36045,"nomeConcello":"Redondela","sensacionTermica":10.1,"temperatura":10.1},{"dataLocal":"2018-03-15T12:12:00","dataUTC":"2018-03-15T11:12:00","icoEstadoCeo":105,"icoVento":305,"idConcello":15072,"nomeConcello":"Rianxo","sensacionTermica":9.0,"temperatura":9.5},{"dataLocal":"2018-03-15T12:12:00","dataUTC":"2018-03-15T11:12:00","icoEstadoCeo":105,"icoVento":304,"idConcello":32069,"nomeConcello":"Ribadavia","sensacionTermica":8.8,"temperatura":9.8},{"dataLocal":"2018-03-15T12:12:00","dataUTC":"2018-03-15T11:12:00","icoEstadoCeo":105,"icoVento":313,"idConcello":27051,"nomeConcello":"Ribadeo","sensacionTermica":10.9,"temperatura":10.9},{"dataLocal":"2018-03-15T12:12:00","dataUTC":"2018-03-15T11:12:00","icoEstadoCeo":105,"icoVento":308,"idConcello":36046,"nomeConcello":"Ribadumia","sensacionTermica":7.1,"temperatura":8.9},{"dataLocal":"2018-03-15T12:12:00","dataUTC":"2018-03-15T11:12:00","icoEstadoCeo":111,"icoVento":306,"idConcello":27052,"nomeConcello":"Ribas de Sil","sensacionTermica":4.1,"temperatura":7.2},{"dataLocal":"2018-03-15T12:12:00","dataUTC":"2018-03-15T11:12:00","icoEstadoCeo":105,"icoVento":306,"idConcello":15073,"nomeConcello":"Ribeira","sensacionTermica":7.4,"temperatura":9.9},{"dataLocal":"2018-03-15T12:12:00","dataUTC":"2018-03-15T11:12:00","icoEstadoCeo":111,"icoVento":315,"idConcello":27053,"nomeConcello":"Ribeira de Piquín","sensacionTermica":2.9,"temperatura":6.6},{"dataLocal":"2018-03-15T12:12:00","dataUTC":"2018-03-15T11:12:00","icoEstadoCeo":105,"icoVento":303,"idConcello":32071,"nomeConcello":"Riós","sensacionTermica":2.9,"temperatura":5.5},{"dataLocal":"2018-03-15T12:12:00","dataUTC":"2018-03-15T11:12:00","icoEstadoCeo":111,"icoVento":314,"idConcello":27054,"nomeConcello":"Riotorto","sensacionTermica":3.6,"temperatura":7.5},{"dataLocal":"2018-03-15T12:12:00","dataUTC":"2018-03-15T11:12:00","icoEstadoCeo":111,"icoVento":315,"idConcello":36047,"nomeConcello":"Rodeiro","sensacionTermica":0.5,"temperatura":4.6},{"dataLocal":"2018-03-15T12:12:00","dataUTC":"2018-03-15T11:12:00","icoEstadoCeo":105,"icoVento":306,"idConcello":15074,"nomeConcello":"Rois","sensacionTermica":6.1,"temperatura":7.9},{"dataLocal":"2018-03-15T12:12:00","dataUTC":"2018-03-15T11:12:00","icoEstadoCeo":105,"icoVento":316,"idConcello":32073,"nomeConcello":"Rubiá","sensacionTermica":1.8,"temperatura":6.5},{"dataLocal":"2018-03-15T12:12:00","dataUTC":"2018-03-15T11:12:00","icoEstadoCeo":105,"icoVento":316,"idConcello":15075,"nomeConcello":"Sada","sensacionTermica":7.7,"temperatura":9.5},{"dataLocal":"2018-03-15T12:12:00","dataUTC":"2018-03-15T11:12:00","icoEstadoCeo":105,"icoVento":304,"idConcello":36049,"nomeConcello":"Salceda de Caselas","sensacionTermica":7.8,"temperatura":8.8},{"dataLocal":"2018-03-15T12:12:00","dataUTC":"2018-03-15T11:12:00","icoEstadoCeo":111,"icoVento":304,"idConcello":36050,"nomeConcello":"Salvaterra de Miño","sensacionTermica":7.6,"temperatura":9.0},{"dataLocal":"2018-03-15T12:12:00","dataUTC":"2018-03-15T11:12:00","icoEstadoCeo":105,"icoVento":305,"idConcello":27055,"nomeConcello":"Samos","sensacionTermica":2.4,"temperatura":5.0},{"dataLocal":"2018-03-15T12:12:00","dataUTC":"2018-03-15T11:12:00","icoEstadoCeo":111,"icoVento":305,"idConcello":32074,"nomeConcello":"San Amaro","sensacionTermica":6.0,"temperatura":7.5},{"dataLocal":"2018-03-15T12:12:00","dataUTC":"2018-03-15T11:12:00","icoEstadoCeo":104,"icoVento":306,"idConcello":32075,"nomeConcello":"San Cibrao das Viñas","sensacionTermica":7.5,"temperatura":8.7},{"dataLocal":"2018-03-15T12:12:00","dataUTC":"2018-03-15T11:12:00","icoEstadoCeo":111,"icoVento":307,"idConcello":32076,"nomeConcello":"San Cristovo de Cea","sensacionTermica":3.9,"temperatura":6.5},{"dataLocal":"2018-03-15T12:12:00","dataUTC":"2018-03-15T11:12:00","icoEstadoCeo":111,"icoVento":314,"idConcello":15076,"nomeConcello":"San Sadurniño","sensacionTermica":5.4,"temperatura":8.6},{"dataLocal":"2018-03-15T12:12:00","dataUTC":"2018-03-15T11:12:00","icoEstadoCeo":105,"icoVento":314,"idConcello":32070,"nomeConcello":"San Xoán de Río","sensacionTermica":-0.4,"temperatura":4.5},{"dataLocal":"2018-03-15T12:12:00","dataUTC":"2018-03-15T11:12:00","icoEstadoCeo":111,"icoVento":307,"idConcello":32077,"nomeConcello":"Sandiás","sensacionTermica":3.2,"temperatura":6.0},{"dataLocal":"2018-03-15T12:12:00","dataUTC":"2018-03-15T11:12:00","icoEstadoCeo":111,"icoVento":306,"idConcello":15077,"nomeConcello":"Santa Comba","sensacionTermica":3.3,"temperatura":6.3},{"dataLocal":"2018-03-15T12:12:00","dataUTC":"2018-03-15T11:12:00","icoEstadoCeo":105,"icoVento":305,"idConcello":15078,"nomeConcello":"Santiago de Compostela","sensacionTermica":6.2,"temperatura":7.6},{"dataLocal":"2018-03-15T12:12:00","dataUTC":"2018-03-15T11:12:00","icoEstadoCeo":111,"icoVento":307,"idConcello":15079,"nomeConcello":"Santiso","sensacionTermica":3.9,"temperatura":6.9},{"dataLocal":"2018-03-15T12:12:00","dataUTC":"2018-03-15T11:12:00","icoEstadoCeo":111,"icoVento":305,"idConcello":36051,"nomeConcello":"Sanxenxo","sensacionTermica":7.4,"temperatura":9.5},{"dataLocal":"2018-03-15T12:12:00","dataUTC":"2018-03-15T11:12:00","icoEstadoCeo":105,"icoVento":304,"idConcello":32078,"nomeConcello":"Sarreaus","sensacionTermica":3.8,"temperatura":5.9},{"dataLocal":"2018-03-15T12:12:00","dataUTC":"2018-03-15T11:12:00","icoEstadoCeo":105,"icoVento":305,"idConcello":27057,"nomeConcello":"Sarria","sensacionTermica":4.9,"temperatura":7.5},{"dataLocal":"2018-03-15T12:12:00","dataUTC":"2018-03-15T11:12:00","icoEstadoCeo":111,"icoVento":308,"idConcello":36052,"nomeConcello":"Silleda","sensacionTermica":3.4,"temperatura":5.8},{"dataLocal":"2018-03-15T12:12:00","dataUTC":"2018-03-15T11:12:00","icoEstadoCeo":111,"icoVento":306,"idConcello":27059,"nomeConcello":"Sober","sensacionTermica":4.6,"temperatura":6.7},{"dataLocal":"2018-03-15T12:12:00","dataUTC":"2018-03-15T11:12:00","icoEstadoCeo":111,"icoVento":308,"idConcello":15080,"nomeConcello":"Sobrado","sensacionTermica":0.9,"temperatura":4.8},{"dataLocal":"2018-03-15T12:12:00","dataUTC":"2018-03-15T11:12:00","icoEstadoCeo":111,"icoVento":307,"idConcello":36053,"nomeConcello":"Soutomaior","sensacionTermica":7.3,"temperatura":9.2},{"dataLocal":"2018-03-15T12:12:00","dataUTC":"2018-03-15T11:12:00","icoEstadoCeo":111,"icoVento":307,"idConcello":27060,"nomeConcello":"Taboada","sensacionTermica":3.7,"temperatura":7.0},{"dataLocal":"2018-03-15T12:12:00","dataUTC":"2018-03-15T11:12:00","icoEstadoCeo":111,"icoVento":307,"idConcello":32079,"nomeConcello":"Taboadela","sensacionTermica":5.3,"temperatura":7.3},{"dataLocal":"2018-03-15T12:12:00","dataUTC":"2018-03-15T11:12:00","icoEstadoCeo":105,"icoVento":305,"idConcello":15082,"nomeConcello":"Teo","sensacionTermica":7.7,"temperatura":8.8},{"dataLocal":"2018-03-15T12:12:00","dataUTC":"2018-03-15T11:12:00","icoEstadoCeo":104,"icoVento":306,"idConcello":32081,"nomeConcello":"Toén","sensacionTermica":6.8,"temperatura":8.0},{"dataLocal":"2018-03-15T12:12:00","dataUTC":"2018-03-15T11:12:00","icoEstadoCeo":105,"icoVento":308,"idConcello":36054,"nomeConcello":"Tomiño","sensacionTermica":7.5,"temperatura":9.5},{"dataLocal":"2018-03-15T12:12:00","dataUTC":"2018-03-15T11:12:00","icoEstadoCeo":111,"icoVento":307,"idConcello":15083,"nomeConcello":"Toques","sensacionTermica":1.0,"temperatura":4.9},{"dataLocal":"2018-03-15T12:12:00","dataUTC":"2018-03-15T11:12:00","icoEstadoCeo":105,"icoVento":306,"idConcello":15084,"nomeConcello":"Tordoia","sensacionTermica":3.4,"temperatura":6.4},{"dataLocal":"2018-03-15T12:12:00","dataUTC":"2018-03-15T11:12:00","icoEstadoCeo":111,"icoVento":306,"idConcello":15085,"nomeConcello":"Touro","sensacionTermica":5.0,"temperatura":7.1},{"dataLocal":"2018-03-15T12:12:00","dataUTC":"2018-03-15T11:12:00","icoEstadoCeo":111,"icoVento":314,"idConcello":27061,"nomeConcello":"Trabada","sensacionTermica":6.2,"temperatura":9.3},{"dataLocal":"2018-03-15T12:12:00","dataUTC":"2018-03-15T11:12:00","icoEstadoCeo":105,"icoVento":304,"idConcello":32082,"nomeConcello":"Trasmiras","sensacionTermica":3.5,"temperatura":5.8},{"dataLocal":"2018-03-15T12:12:00","dataUTC":"2018-03-15T11:12:00","icoEstadoCeo":111,"icoVento":305,"idConcello":15086,"nomeConcello":"Trazo","sensacionTermica":4.5,"temperatura":7.0},{"dataLocal":"2018-03-15T12:12:00","dataUTC":"2018-03-15T11:12:00","icoEstadoCeo":105,"icoVento":301,"idConcello":27062,"nomeConcello":"Triacastela","sensacionTermica":2.1,"temperatura":4.5},{"dataLocal":"2018-03-15T12:12:00","dataUTC":"2018-03-15T11:12:00","icoEstadoCeo":105,"icoVento":306,"idConcello":36055,"nomeConcello":"Tui","sensacionTermica":8.6,"temperatura":9.4},{"dataLocal":"2018-03-15T12:12:00","dataUTC":"2018-03-15T11:12:00","icoEstadoCeo":111,"icoVento":306,"idConcello":15088,"nomeConcello":"Val do Dubra","sensacionTermica":5.2,"temperatura":7.8},{"dataLocal":"2018-03-15T12:12:00","dataUTC":"2018-03-15T11:12:00","icoEstadoCeo":111,"icoVento":314,"idConcello":15087,"nomeConcello":"Valdoviño","sensacionTermica":5.0,"temperatura":8.5},{"dataLocal":"2018-03-15T12:12:00","dataUTC":"2018-03-15T11:12:00","icoEstadoCeo":105,"icoVento":306,"idConcello":36056,"nomeConcello":"Valga","sensacionTermica":8.4,"temperatura":9.2},{"dataLocal":"2018-03-15T12:12:00","dataUTC":"2018-03-15T11:12:00","icoEstadoCeo":111,"icoVento":305,"idConcello":15089,"nomeConcello":"Vedra","sensacionTermica":7.8,"temperatura":8.8},{"dataLocal":"2018-03-15T12:12:00","dataUTC":"2018-03-15T11:12:00","icoEstadoCeo":111,"icoVento":307,"idConcello":32084,"nomeConcello":"Verea","sensacionTermica":2.0,"temperatura":5.2},{"dataLocal":"2018-03-15T12:12:00","dataUTC":"2018-03-15T11:12:00","icoEstadoCeo":105,"icoVento":305,"idConcello":32085,"nomeConcello":"Verín","sensacionTermica":7.1,"temperatura":8.9},{"dataLocal":"2018-03-15T12:12:00","dataUTC":"2018-03-15T11:12:00","icoEstadoCeo":105,"icoVento":306,"idConcello":32086,"nomeConcello":"Viana do Bolo","sensacionTermica":2.7,"temperatura":6.0},{"dataLocal":"2018-03-15T12:12:00","dataUTC":"2018-03-15T11:12:00","icoEstadoCeo":111,"icoVento":301,"idConcello":36057,"nomeConcello":"Vigo","sensacionTermica":6.6,"temperatura":8.7},{"dataLocal":"2018-03-15T12:12:00","dataUTC":"2018-03-15T11:12:00","icoEstadoCeo":111,"icoVento":301,"idConcello":36059,"nomeConcello":"Vila de Cruces","sensacionTermica":3.4,"temperatura":6.2},{"dataLocal":"2018-03-15T12:12:00","dataUTC":"2018-03-15T11:12:00","icoEstadoCeo":111,"icoVento":307,"idConcello":36058,"nomeConcello":"Vilaboa","sensacionTermica":10.1,"temperatura":10.1},{"dataLocal":"2018-03-15T12:12:00","dataUTC":"2018-03-15T11:12:00","icoEstadoCeo":105,"icoVento":305,"idConcello":36060,"nomeConcello":"Vilagarcía de Arousa","sensacionTermica":8.2,"temperatura":9.1},{"dataLocal":"2018-03-15T12:12:00","dataUTC":"2018-03-15T11:12:00","icoEstadoCeo":111,"icoVento":314,"idConcello":27065,"nomeConcello":"Vilalba","sensacionTermica":1.8,"temperatura":5.8},{"dataLocal":"2018-03-15T12:12:00","dataUTC":"2018-03-15T11:12:00","icoEstadoCeo":111,"icoVento":306,"idConcello":32087,"nomeConcello":"Vilamarín","sensacionTermica":4.5,"temperatura":6.9},{"dataLocal":"2018-03-15T12:12:00","dataUTC":"2018-03-15T11:12:00","icoEstadoCeo":111,"icoVento":316,"idConcello":32088,"nomeConcello":"Vilamartín de Valdeorras","sensacionTermica":4.4,"temperatura":8.2},{"dataLocal":"2018-03-15T12:12:00","dataUTC":"2018-03-15T11:12:00","icoEstadoCeo":105,"icoVento":305,"idConcello":36061,"nomeConcello":"Vilanova de Arousa","sensacionTermica":7.9,"temperatura":9.3},{"dataLocal":"2018-03-15T12:12:00","dataUTC":"2018-03-15T11:12:00","icoEstadoCeo":111,"icoVento":304,"idConcello":32089,"nomeConcello":"Vilar de Barrio","sensacionTermica":3.0,"temperatura":5.8},{"dataLocal":"2018-03-15T12:12:00","dataUTC":"2018-03-15T11:12:00","icoEstadoCeo":111,"icoVento":307,"idConcello":32090,"nomeConcello":"Vilar de Santos","sensacionTermica":3.3,"temperatura":6.2},{"dataLocal":"2018-03-15T12:12:00","dataUTC":"2018-03-15T11:12:00","icoEstadoCeo":105,"icoVento":303,"idConcello":32091,"nomeConcello":"Vilardevós","sensacionTermica":2.6,"temperatura":5.5},{"dataLocal":"2018-03-15T12:12:00","dataUTC":"2018-03-15T11:12:00","icoEstadoCeo":105,"icoVento":306,"idConcello":32092,"nomeConcello":"Vilariño de Conso","sensacionTermica":2.1,"temperatura":5.7},{"dataLocal":"2018-03-15T12:12:00","dataUTC":"2018-03-15T11:12:00","icoEstadoCeo":105,"icoVento":305,"idConcello":15091,"nomeConcello":"Vilarmaior","sensacionTermica":4.8,"temperatura":7.4},{"dataLocal":"2018-03-15T12:12:00","dataUTC":"2018-03-15T11:12:00","icoEstadoCeo":111,"icoVento":305,"idConcello":15090,"nomeConcello":"Vilasantar","sensacionTermica":2.1,"temperatura":5.4},{"dataLocal":"2018-03-15T12:12:00","dataUTC":"2018-03-15T11:12:00","icoEstadoCeo":111,"icoVento":306,"idConcello":15092,"nomeConcello":"Vimianzo","sensacionTermica":4.6,"temperatura":7.3},{"dataLocal":"2018-03-15T12:12:00","dataUTC":"2018-03-15T11:12:00","icoEstadoCeo":111,"icoVento":322,"idConcello":27066,"nomeConcello":"Viveiro","sensacionTermica":4.4,"temperatura":8.9},{"dataLocal":"2018-03-15T12:12:00","dataUTC":"2018-03-15T11:12:00","icoEstadoCeo":105,"icoVento":314,"idConcello":27021,"nomeConcello":"Xermade","sensacionTermica":2.2,"temperatura":6.0},{"dataLocal":"2018-03-15T12:12:00","dataUTC":"2018-03-15T11:12:00","icoEstadoCeo":111,"icoVento":304,"idConcello":32032,"nomeConcello":"Xinzo de Limia","sensacionTermica":3.4,"temperatura":6.2},{"dataLocal":"2018-03-15T12:12:00","dataUTC":"2018-03-15T11:12:00","icoEstadoCeo":111,"icoVento":314,"idConcello":27025,"nomeConcello":"Xove","sensacionTermica":4.7,"temperatura":8.9},{"dataLocal":"2018-03-15T12:12:00","dataUTC":"2018-03-15T11:12:00","icoEstadoCeo":111,"icoVento":306,"idConcello":32036,"nomeConcello":"Xunqueira de Ambía","sensacionTermica":4.0,"temperatura":6.6},{"dataLocal":"2018-03-15T12:12:00","dataUTC":"2018-03-15T11:12:00","icoEstadoCeo":111,"icoVento":306,"idConcello":32037,"nomeConcello":"Xunqueira de Espadañedo","sensacionTermica":1.3,"temperatura":5.0},{"dataLocal":"2018-03-15T12:12:00","dataUTC":"2018-03-15T11:12:00","icoEstadoCeo":111,"icoVento":306,"idConcello":15093,"nomeConcello":"Zas","sensacionTermica":4.1,"temperatura":7.1}]}